link,path,value
https://agora.olery.com/v2/companies/673124/sentiment?auth_token=ahneesh5Too6Ya2doh0YahPh9AeQua&start_date=2005-01-01&end_date=2016-06-30&properties=value_for_money,$.data[?(@.sentiment=='positive')].percentage,[77.2028959915239]
https://agora.olery.com/v2/companies/148/sentiment?auth_token=ahneesh5Too6Ya2doh0YahPh9AeQua&start_date=2005-01-01&end_date=2016-06-30&properties=value_for_money,$.data[?(@.sentiment=='positive')].percentage,[68.2175846732809]
https://agora.olery.com/v2/companies/582555/sentiment?auth_token=ahneesh5Too6Ya2doh0YahPh9AeQua&start_date=2005-01-01&end_date=2016-06-30&properties=value_for_money,$.data[?(@.sentiment=='positive')].percentage,[77.2295531331676]
https://agora.olery.com/v2/companies/57/sentiment?auth_token=ahneesh5Too6Ya2doh0YahPh9AeQua&start_date=2005-01-01&end_date=2016-06-30&properties=value_for_money,$.data[?(@.sentiment=='positive')].percentage,[74.9448934606907]
https://agora.olery.com/v2/companies/158/sentiment?auth_token=ahneesh5Too6Ya2doh0YahPh9AeQua&start_date=2005-01-01&end_date=2016-06-30&properties=value_for_money,$.data[?(@.sentiment=='positive')].percentage,[65.8015593292748]
https://agora.olery.com/v2/companies/565376/sentiment?auth_token=ahneesh5Too6Ya2doh0YahPh9AeQua&start_date=2005-01-01&end_date=2016-06-30&properties=value_for_money,$.data[?(@.sentiment=='positive')].percentage,[73.0677225109296]
https://agora.olery.com/v2/companies/423974/sentiment?auth_token=ahneesh5Too6Ya2doh0YahPh9AeQua&start_date=2005-01-01&end_date=2016-06-30&properties=value_for_money,$.data[?(@.sentiment=='positive')].percentage,[71.7613562831629]
https://agora.olery.com/v2/companies/1466/sentiment?auth_token=ahneesh5Too6Ya2doh0YahPh9AeQua&start_date=2005-01-01&end_date=2016-06-30&properties=value_for_money,$.data[?(@.sentiment=='positive')].percentage,[70.8333333333333]
https://agora.olery.com/v2/companies/38/sentiment?auth_token=ahneesh5Too6Ya2doh0YahPh9AeQua&start_date=2005-01-01&end_date=2016-06-30&properties=value_for_money,$.data[?(@.sentiment=='positive')].percentage,[70.0561948086701]
https://agora.olery.com/v2/companies/269/sentiment?auth_token=ahneesh5Too6Ya2doh0YahPh9AeQua&start_date=2005-01-01&end_date=2016-06-30&properties=value_for_money,$.data[?(@.sentiment=='positive')].percentage,[63.8720918315056]
https://agora.olery.com/v2/companies/329408/sentiment?auth_token=ahneesh5Too6Ya2doh0YahPh9AeQua&start_date=2005-01-01&end_date=2016-06-30&properties=value_for_money,$.data[?(@.sentiment=='positive')].percentage,[88.2943143812709]
https://agora.olery.com/v2/companies/139/sentiment?auth_token=ahneesh5Too6Ya2doh0YahPh9AeQua&start_date=2005-01-01&end_date=2016-06-30&properties=value_for_money,$.data[?(@.sentiment=='positive')].percentage,[76.1128064821635]
https://agora.olery.com/v2/companies/58/sentiment?auth_token=ahneesh5Too6Ya2doh0YahPh9AeQua&start_date=2005-01-01&end_date=2016-06-30&properties=value_for_money,$.data[?(@.sentiment=='positive')].percentage,[68.8595542090457]
https://agora.olery.com/v2/companies/56/sentiment?auth_token=ahneesh5Too6Ya2doh0YahPh9AeQua&start_date=2005-01-01&end_date=2016-06-30&properties=value_for_money,$.data[?(@.sentiment=='positive')].percentage,[73.352282821105]
https://agora.olery.com/v2/companies/672003/sentiment?auth_token=ahneesh5Too6Ya2doh0YahPh9AeQua&start_date=2005-01-01&end_date=2016-06-30&properties=value_for_money,$.data[?(@.sentiment=='positive')].percentage,[77.9686333084391]
https://agora.olery.com/v2/companies/577327/sentiment?auth_token=ahneesh5Too6Ya2doh0YahPh9AeQua&start_date=2005-01-01&end_date=2016-06-30&properties=value_for_money,$.data[?(@.sentiment=='positive')].percentage,[78.5579543072731]
https://agora.olery.com/v2/companies/673215/sentiment?auth_token=ahneesh5Too6Ya2doh0YahPh9AeQua&start_date=2005-01-01&end_date=2016-06-30&properties=value_for_money,$.data[?(@.sentiment=='positive')].percentage,[74.6449744933131]
https://agora.olery.com/v2/companies/168/sentiment?auth_token=ahneesh5Too6Ya2doh0YahPh9AeQua&start_date=2005-01-01&end_date=2016-06-30&properties=value_for_money,$.data[?(@.sentiment=='positive')].percentage,[71.608643457383]
https://agora.olery.com/v2/companies/1318/sentiment?auth_token=ahneesh5Too6Ya2doh0YahPh9AeQua&start_date=2005-01-01&end_date=2016-06-30&properties=value_for_money,$.data[?(@.sentiment=='positive')].percentage,[49.046511627907]
https://agora.olery.com/v2/companies/179/sentiment?auth_token=ahneesh5Too6Ya2doh0YahPh9AeQua&start_date=2005-01-01&end_date=2016-06-30&properties=value_for_money,$.data[?(@.sentiment=='positive')].percentage,[81.6411496105291]
https://agora.olery.com/v2/companies/635151/sentiment?auth_token=ahneesh5Too6Ya2doh0YahPh9AeQua&start_date=2005-01-01&end_date=2016-06-30&properties=value_for_money,$.data[?(@.sentiment=='positive')].percentage,[72.8484497247175]
https://agora.olery.com/v2/companies/270/sentiment?auth_token=ahneesh5Too6Ya2doh0YahPh9AeQua&start_date=2005-01-01&end_date=2016-06-30&properties=value_for_money,$.data[?(@.sentiment=='positive')].percentage,[72.2244856386229]
https://agora.olery.com/v2/companies/171/sentiment?auth_token=ahneesh5Too6Ya2doh0YahPh9AeQua&start_date=2005-01-01&end_date=2016-06-30&properties=value_for_money,$.data[?(@.sentiment=='positive')].percentage,[72.1500908854843]
https://agora.olery.com/v2/companies/61/sentiment?auth_token=ahneesh5Too6Ya2doh0YahPh9AeQua&start_date=2005-01-01&end_date=2016-06-30&properties=value_for_money,$.data[?(@.sentiment=='positive')].percentage,[79.6778369049331]
https://agora.olery.com/v2/companies/565308/sentiment?auth_token=ahneesh5Too6Ya2doh0YahPh9AeQua&start_date=2005-01-01&end_date=2016-06-30&properties=value_for_money,$.data[?(@.sentiment=='positive')].percentage,[56.1917971071924]
https://agora.olery.com/v2/companies/152/sentiment?auth_token=ahneesh5Too6Ya2doh0YahPh9AeQua&start_date=2005-01-01&end_date=2016-06-30&properties=value_for_money,$.data[?(@.sentiment=='positive')].percentage,[65.319446603451]
https://agora.olery.com/v2/companies/136/sentiment?auth_token=ahneesh5Too6Ya2doh0YahPh9AeQua&start_date=2005-01-01&end_date=2016-06-30&properties=value_for_money,$.data[?(@.sentiment=='positive')].percentage,[65.603747922019]
https://agora.olery.com/v2/companies/155/sentiment?auth_token=ahneesh5Too6Ya2doh0YahPh9AeQua&start_date=2005-01-01&end_date=2016-06-30&properties=value_for_money,$.data[?(@.sentiment=='positive')].percentage,[59.4415752098128]
https://agora.olery.com/v2/companies/824/sentiment?auth_token=ahneesh5Too6Ya2doh0YahPh9AeQua&start_date=2005-01-01&end_date=2016-06-30&properties=value_for_money,$.data[?(@.sentiment=='positive')].percentage,[69.183149630077]
https://agora.olery.com/v2/companies/577076/sentiment?auth_token=ahneesh5Too6Ya2doh0YahPh9AeQua&start_date=2005-01-01&end_date=2016-06-30&properties=value_for_money,$.data[?(@.sentiment=='positive')].percentage,[79.6141152576796]
https://agora.olery.com/v2/companies/156/sentiment?auth_token=ahneesh5Too6Ya2doh0YahPh9AeQua&start_date=2005-01-01&end_date=2016-06-30&properties=value_for_money,$.data[?(@.sentiment=='positive')].percentage,[64.4319550381373]
https://agora.olery.com/v2/companies/806/sentiment?auth_token=ahneesh5Too6Ya2doh0YahPh9AeQua&start_date=2005-01-01&end_date=2016-06-30&properties=value_for_money,$.data[?(@.sentiment=='positive')].percentage,[73.7185549460942]
https://agora.olery.com/v2/companies/62/sentiment?auth_token=ahneesh5Too6Ya2doh0YahPh9AeQua&start_date=2005-01-01&end_date=2016-06-30&properties=value_for_money,$.data[?(@.sentiment=='positive')].percentage,[74.8352713178295]
https://agora.olery.com/v2/companies/59/sentiment?auth_token=ahneesh5Too6Ya2doh0YahPh9AeQua&start_date=2005-01-01&end_date=2016-06-30&properties=value_for_money,$.data[?(@.sentiment=='positive')].percentage,[72.91634331833]
https://agora.olery.com/v2/companies/2276/sentiment?auth_token=ahneesh5Too6Ya2doh0YahPh9AeQua&start_date=2005-01-01&end_date=2016-06-30&properties=value_for_money,$.data[?(@.sentiment=='positive')].percentage,[51.0042152243987]
https://agora.olery.com/v2/companies/261/sentiment?auth_token=ahneesh5Too6Ya2doh0YahPh9AeQua&start_date=2005-01-01&end_date=2016-06-30&properties=value_for_money,$.data[?(@.sentiment=='positive')].percentage,[71.4709762532981]
https://agora.olery.com/v2/companies/130/sentiment?auth_token=ahneesh5Too6Ya2doh0YahPh9AeQua&start_date=2005-01-01&end_date=2016-06-30&properties=value_for_money,$.data[?(@.sentiment=='positive')].percentage,[68.8767299645961]
https://agora.olery.com/v2/companies/109/sentiment?auth_token=ahneesh5Too6Ya2doh0YahPh9AeQua&start_date=2005-01-01&end_date=2016-06-30&properties=value_for_money,$.data[?(@.sentiment=='positive')].percentage,[66.2801342691486]
https://agora.olery.com/v2/companies/268/sentiment?auth_token=ahneesh5Too6Ya2doh0YahPh9AeQua&start_date=2005-01-01&end_date=2016-06-30&properties=value_for_money,$.data[?(@.sentiment=='positive')].percentage,[69.082774049217]
https://agora.olery.com/v2/companies/252/sentiment?auth_token=ahneesh5Too6Ya2doh0YahPh9AeQua&start_date=2005-01-01&end_date=2016-06-30&properties=value_for_money,$.data[?(@.sentiment=='positive')].percentage,[60.2725181383826]
https://agora.olery.com/v2/companies/565269/sentiment?auth_token=ahneesh5Too6Ya2doh0YahPh9AeQua&start_date=2005-01-01&end_date=2016-06-30&properties=value_for_money,$.data[?(@.sentiment=='positive')].percentage,[60.1774154878926]
https://agora.olery.com/v2/companies/120/sentiment?auth_token=ahneesh5Too6Ya2doh0YahPh9AeQua&start_date=2005-01-01&end_date=2016-06-30&properties=value_for_money,$.data[?(@.sentiment=='positive')].percentage,[63.6329376295459]
https://agora.olery.com/v2/companies/286/sentiment?auth_token=ahneesh5Too6Ya2doh0YahPh9AeQua&start_date=2005-01-01&end_date=2016-06-30&properties=value_for_money,$.data[?(@.sentiment=='positive')].percentage,[53.3263671194706]
https://agora.olery.com/v2/companies/673102/sentiment?auth_token=ahneesh5Too6Ya2doh0YahPh9AeQua&start_date=2005-01-01&end_date=2016-06-30&properties=value_for_money,$.data[?(@.sentiment=='positive')].percentage,[74.8045700541191]
https://agora.olery.com/v2/companies/2170/sentiment?auth_token=ahneesh5Too6Ya2doh0YahPh9AeQua&start_date=2005-01-01&end_date=2016-06-30&properties=value_for_money,$.data[?(@.sentiment=='positive')].percentage,[73.6808780075981]
https://agora.olery.com/v2/companies/577298/sentiment?auth_token=ahneesh5Too6Ya2doh0YahPh9AeQua&start_date=2005-01-01&end_date=2016-06-30&properties=value_for_money,$.data[?(@.sentiment=='positive')].percentage,[76.9469026548673]
https://agora.olery.com/v2/companies/673216/sentiment?auth_token=ahneesh5Too6Ya2doh0YahPh9AeQua&start_date=2005-01-01&end_date=2016-06-30&properties=value_for_money,$.data[?(@.sentiment=='positive')].percentage,[74.5304626660559]
https://agora.olery.com/v2/companies/568057/sentiment?auth_token=ahneesh5Too6Ya2doh0YahPh9AeQua&start_date=2005-01-01&end_date=2016-06-30&properties=value_for_money,$.data[?(@.sentiment=='positive')].percentage,[66.7070217917676]
https://agora.olery.com/v2/companies/565424/sentiment?auth_token=ahneesh5Too6Ya2doh0YahPh9AeQua&start_date=2005-01-01&end_date=2016-06-30&properties=value_for_money,$.data[?(@.sentiment=='positive')].percentage,[77.9330925082456]
https://agora.olery.com/v2/companies/249/sentiment?auth_token=ahneesh5Too6Ya2doh0YahPh9AeQua&start_date=2005-01-01&end_date=2016-06-30&properties=value_for_money,$.data[?(@.sentiment=='positive')].percentage,[70.1430722891566]
https://agora.olery.com/v2/companies/474/sentiment?auth_token=ahneesh5Too6Ya2doh0YahPh9AeQua&start_date=2005-01-01&end_date=2016-06-30&properties=value_for_money,$.data[?(@.sentiment=='positive')].percentage,[69.3512685169419]
https://agora.olery.com/v2/companies/169192/sentiment?auth_token=ahneesh5Too6Ya2doh0YahPh9AeQua&start_date=2005-01-01&end_date=2016-06-30&properties=value_for_money,$.data[?(@.sentiment=='positive')].percentage,[63.2370399683419]
https://agora.olery.com/v2/companies/169556/sentiment?auth_token=ahneesh5Too6Ya2doh0YahPh9AeQua&start_date=2005-01-01&end_date=2016-06-30&properties=value_for_money,$.data[?(@.sentiment=='positive')].percentage,[44.9771689497717]
https://agora.olery.com/v2/companies/90/sentiment?auth_token=ahneesh5Too6Ya2doh0YahPh9AeQua&start_date=2005-01-01&end_date=2016-06-30&properties=value_for_money,$.data[?(@.sentiment=='positive')].percentage,[66.3282895996935]
https://agora.olery.com/v2/companies/40/sentiment?auth_token=ahneesh5Too6Ya2doh0YahPh9AeQua&start_date=2005-01-01&end_date=2016-06-30&properties=value_for_money,$.data[?(@.sentiment=='positive')].percentage,[74.4723618090452]
https://agora.olery.com/v2/companies/165/sentiment?auth_token=ahneesh5Too6Ya2doh0YahPh9AeQua&start_date=2005-01-01&end_date=2016-06-30&properties=value_for_money,$.data[?(@.sentiment=='positive')].percentage,[67.3563584275028]
https://agora.olery.com/v2/companies/1320/sentiment?auth_token=ahneesh5Too6Ya2doh0YahPh9AeQua&start_date=2005-01-01&end_date=2016-06-30&properties=value_for_money,$.data[?(@.sentiment=='positive')].percentage,[58.7883817427386]
https://agora.olery.com/v2/companies/168590/sentiment?auth_token=ahneesh5Too6Ya2doh0YahPh9AeQua&start_date=2005-01-01&end_date=2016-06-30&properties=value_for_money,$.data[?(@.sentiment=='positive')].percentage,[64.7201356917858]
https://agora.olery.com/v2/companies/55/sentiment?auth_token=ahneesh5Too6Ya2doh0YahPh9AeQua&start_date=2005-01-01&end_date=2016-06-30&properties=value_for_money,$.data[?(@.sentiment=='positive')].percentage,[63.55073751555]
https://agora.olery.com/v2/companies/285/sentiment?auth_token=ahneesh5Too6Ya2doh0YahPh9AeQua&start_date=2005-01-01&end_date=2016-06-30&properties=value_for_money,$.data[?(@.sentiment=='positive')].percentage,[74.7169811320755]
https://agora.olery.com/v2/companies/162/sentiment?auth_token=ahneesh5Too6Ya2doh0YahPh9AeQua&start_date=2005-01-01&end_date=2016-06-30&properties=value_for_money,$.data[?(@.sentiment=='positive')].percentage,[69.2726036709721]
https://agora.olery.com/v2/companies/169646/sentiment?auth_token=ahneesh5Too6Ya2doh0YahPh9AeQua&start_date=2005-01-01&end_date=2016-06-30&properties=value_for_money,$.data[?(@.sentiment=='positive')].percentage,[55.3517964071856]
https://agora.olery.com/v2/companies/110/sentiment?auth_token=ahneesh5Too6Ya2doh0YahPh9AeQua&start_date=2005-01-01&end_date=2016-06-30&properties=value_for_money,$.data[?(@.sentiment=='positive')].percentage,[66.543438077634]
https://agora.olery.com/v2/companies/96/sentiment?auth_token=ahneesh5Too6Ya2doh0YahPh9AeQua&start_date=2005-01-01&end_date=2016-06-30&properties=value_for_money,$.data[?(@.sentiment=='positive')].percentage,[62.6109765940274]
https://agora.olery.com/v2/companies/94/sentiment?auth_token=ahneesh5Too6Ya2doh0YahPh9AeQua&start_date=2005-01-01&end_date=2016-06-30&properties=value_for_money,$.data[?(@.sentiment=='positive')].percentage,[73.680649526387]
https://agora.olery.com/v2/companies/4216/sentiment?auth_token=ahneesh5Too6Ya2doh0YahPh9AeQua&start_date=2005-01-01&end_date=2016-06-30&properties=value_for_money,$.data[?(@.sentiment=='positive')].percentage,[61.8387096774194]
https://agora.olery.com/v2/companies/565339/sentiment?auth_token=ahneesh5Too6Ya2doh0YahPh9AeQua&start_date=2005-01-01&end_date=2016-06-30&properties=value_for_money,$.data[?(@.sentiment=='positive')].percentage,[66.8086919471666]
https://agora.olery.com/v2/companies/54/sentiment?auth_token=ahneesh5Too6Ya2doh0YahPh9AeQua&start_date=2005-01-01&end_date=2016-06-30&properties=value_for_money,$.data[?(@.sentiment=='positive')].percentage,[75.6328417345367]
https://agora.olery.com/v2/companies/277/sentiment?auth_token=ahneesh5Too6Ya2doh0YahPh9AeQua&start_date=2005-01-01&end_date=2016-06-30&properties=value_for_money,$.data[?(@.sentiment=='positive')].percentage,[69.3062681240241]
https://agora.olery.com/v2/companies/1316/sentiment?auth_token=ahneesh5Too6Ya2doh0YahPh9AeQua&start_date=2005-01-01&end_date=2016-06-30&properties=value_for_money,$.data[?(@.sentiment=='positive')].percentage,[67.2301190933538]
https://agora.olery.com/v2/companies/133/sentiment?auth_token=ahneesh5Too6Ya2doh0YahPh9AeQua&start_date=2005-01-01&end_date=2016-06-30&properties=value_for_money,$.data[?(@.sentiment=='positive')].percentage,[66.704263478457]
https://agora.olery.com/v2/companies/169900/sentiment?auth_token=ahneesh5Too6Ya2doh0YahPh9AeQua&start_date=2005-01-01&end_date=2016-06-30&properties=value_for_money,$.data[?(@.sentiment=='positive')].percentage,[59.476490547746]
https://agora.olery.com/v2/companies/167/sentiment?auth_token=ahneesh5Too6Ya2doh0YahPh9AeQua&start_date=2005-01-01&end_date=2016-06-30&properties=value_for_money,$.data[?(@.sentiment=='positive')].percentage,[67.0215399851448]
https://agora.olery.com/v2/companies/565437/sentiment?auth_token=ahneesh5Too6Ya2doh0YahPh9AeQua&start_date=2005-01-01&end_date=2016-06-30&properties=value_for_money,$.data[?(@.sentiment=='positive')].percentage,[48.3072916666667]
https://agora.olery.com/v2/companies/4500/sentiment?auth_token=ahneesh5Too6Ya2doh0YahPh9AeQua&start_date=2005-01-01&end_date=2016-06-30&properties=value_for_money,$.data[?(@.sentiment=='positive')].percentage,[51.9607843137255]
https://agora.olery.com/v2/companies/168634/sentiment?auth_token=ahneesh5Too6Ya2doh0YahPh9AeQua&start_date=2005-01-01&end_date=2016-06-30&properties=value_for_money,$.data[?(@.sentiment=='positive')].percentage,[66.8339416058394]
https://agora.olery.com/v2/companies/2160/sentiment?auth_token=ahneesh5Too6Ya2doh0YahPh9AeQua&start_date=2005-01-01&end_date=2016-06-30&properties=value_for_money,$.data[?(@.sentiment=='positive')].percentage,[68.8664596273292]
https://agora.olery.com/v2/companies/243/sentiment?auth_token=ahneesh5Too6Ya2doh0YahPh9AeQua&start_date=2005-01-01&end_date=2016-06-30&properties=value_for_money,$.data[?(@.sentiment=='positive')].percentage,[62.0609981515712]
https://agora.olery.com/v2/companies/53/sentiment?auth_token=ahneesh5Too6Ya2doh0YahPh9AeQua&start_date=2005-01-01&end_date=2016-06-30&properties=value_for_money,$.data[?(@.sentiment=='positive')].percentage,[75.5808205635195]
https://agora.olery.com/v2/companies/582558/sentiment?auth_token=ahneesh5Too6Ya2doh0YahPh9AeQua&start_date=2005-01-01&end_date=2016-06-30&properties=value_for_money,$.data[?(@.sentiment=='positive')].percentage,[74.1668481812241]
https://agora.olery.com/v2/companies/465/sentiment?auth_token=ahneesh5Too6Ya2doh0YahPh9AeQua&start_date=2005-01-01&end_date=2016-06-30&properties=value_for_money,$.data[?(@.sentiment=='positive')].percentage,[62.1592616441296]
https://agora.olery.com/v2/companies/137/sentiment?auth_token=ahneesh5Too6Ya2doh0YahPh9AeQua&start_date=2005-01-01&end_date=2016-06-30&properties=value_for_money,$.data[?(@.sentiment=='positive')].percentage,[68.3234714003945]
https://agora.olery.com/v2/companies/169708/sentiment?auth_token=ahneesh5Too6Ya2doh0YahPh9AeQua&start_date=2005-01-01&end_date=2016-06-30&properties=value_for_money,$.data[?(@.sentiment=='positive')].percentage,[58.4816132858837]
https://agora.olery.com/v2/companies/125/sentiment?auth_token=ahneesh5Too6Ya2doh0YahPh9AeQua&start_date=2005-01-01&end_date=2016-06-30&properties=value_for_money,$.data[?(@.sentiment=='positive')].percentage,[84.2105263157895]
https://agora.olery.com/v2/companies/577314/sentiment?auth_token=ahneesh5Too6Ya2doh0YahPh9AeQua&start_date=2005-01-01&end_date=2016-06-30&properties=value_for_money,$.data[?(@.sentiment=='positive')].percentage,[72.4045545880777]
https://agora.olery.com/v2/companies/168639/sentiment?auth_token=ahneesh5Too6Ya2doh0YahPh9AeQua&start_date=2005-01-01&end_date=2016-06-30&properties=value_for_money,$.data[?(@.sentiment=='positive')].percentage,[65.3864390706496]
https://agora.olery.com/v2/companies/51/sentiment?auth_token=ahneesh5Too6Ya2doh0YahPh9AeQua&start_date=2005-01-01&end_date=2016-06-30&properties=value_for_money,$.data[?(@.sentiment=='positive')].percentage,[66.7304537998907]
https://agora.olery.com/v2/companies/635641/sentiment?auth_token=ahneesh5Too6Ya2doh0YahPh9AeQua&start_date=2005-01-01&end_date=2016-06-30&properties=value_for_money,$.data[?(@.sentiment=='positive')].percentage,[65.8515658515659]
https://agora.olery.com/v2/companies/577293/sentiment?auth_token=ahneesh5Too6Ya2doh0YahPh9AeQua&start_date=2005-01-01&end_date=2016-06-30&properties=value_for_money,$.data[?(@.sentiment=='positive')].percentage,[63.9381797366915]
https://agora.olery.com/v2/companies/577112/sentiment?auth_token=ahneesh5Too6Ya2doh0YahPh9AeQua&start_date=2005-01-01&end_date=2016-06-30&properties=value_for_money,$.data[?(@.sentiment=='positive')].percentage,[64.0346873573711]
https://agora.olery.com/v2/companies/168074/sentiment?auth_token=ahneesh5Too6Ya2doh0YahPh9AeQua&start_date=2005-01-01&end_date=2016-06-30&properties=value_for_money,$.data[?(@.sentiment=='positive')].percentage,[73.6422521175884]
https://agora.olery.com/v2/companies/2186/sentiment?auth_token=ahneesh5Too6Ya2doh0YahPh9AeQua&start_date=2005-01-01&end_date=2016-06-30&properties=value_for_money,$.data[?(@.sentiment=='positive')].percentage,[74.5438557924819]
https://agora.olery.com/v2/companies/240/sentiment?auth_token=ahneesh5Too6Ya2doh0YahPh9AeQua&start_date=2005-01-01&end_date=2016-06-30&properties=value_for_money,$.data[?(@.sentiment=='positive')].percentage,[85.9591162502581]
https://agora.olery.com/v2/companies/290/sentiment?auth_token=ahneesh5Too6Ya2doh0YahPh9AeQua&start_date=2005-01-01&end_date=2016-06-30&properties=value_for_money,$.data[?(@.sentiment=='positive')].percentage,[68.4397163120567]
https://agora.olery.com/v2/companies/81/sentiment?auth_token=ahneesh5Too6Ya2doh0YahPh9AeQua&start_date=2005-01-01&end_date=2016-06-30&properties=value_for_money,$.data[?(@.sentiment=='positive')].percentage,[82.356647763075]
https://agora.olery.com/v2/companies/170146/sentiment?auth_token=ahneesh5Too6Ya2doh0YahPh9AeQua&start_date=2005-01-01&end_date=2016-06-30&properties=value_for_money,$.data[?(@.sentiment=='positive')].percentage,[37.8651685393258]
https://agora.olery.com/v2/companies/77/sentiment?auth_token=ahneesh5Too6Ya2doh0YahPh9AeQua&start_date=2005-01-01&end_date=2016-06-30&properties=value_for_money,$.data[?(@.sentiment=='positive')].percentage,[66.7224546722455]
https://agora.olery.com/v2/companies/266/sentiment?auth_token=ahneesh5Too6Ya2doh0YahPh9AeQua&start_date=2005-01-01&end_date=2016-06-30&properties=value_for_money,$.data[?(@.sentiment=='positive')].percentage,[62.2317596566524]
https://agora.olery.com/v2/companies/182/sentiment?auth_token=ahneesh5Too6Ya2doh0YahPh9AeQua&start_date=2005-01-01&end_date=2016-06-30&properties=value_for_money,$.data[?(@.sentiment=='positive')].percentage,[59.4226327944573]
https://agora.olery.com/v2/companies/192/sentiment?auth_token=ahneesh5Too6Ya2doh0YahPh9AeQua&start_date=2005-01-01&end_date=2016-06-30&properties=value_for_money,$.data[?(@.sentiment=='positive')].percentage,[64.2620232172471]
https://agora.olery.com/v2/companies/168145/sentiment?auth_token=ahneesh5Too6Ya2doh0YahPh9AeQua&start_date=2005-01-01&end_date=2016-06-30&properties=value_for_money,$.data[?(@.sentiment=='positive')].percentage,[74.1612903225806]
https://agora.olery.com/v2/companies/160/sentiment?auth_token=ahneesh5Too6Ya2doh0YahPh9AeQua&start_date=2005-01-01&end_date=2016-06-30&properties=value_for_money,$.data[?(@.sentiment=='positive')].percentage,[71.8346253229974]
https://agora.olery.com/v2/companies/169296/sentiment?auth_token=ahneesh5Too6Ya2doh0YahPh9AeQua&start_date=2005-01-01&end_date=2016-06-30&properties=value_for_money,$.data[?(@.sentiment=='positive')].percentage,[56.881243063263]
https://agora.olery.com/v2/companies/582588/sentiment?auth_token=ahneesh5Too6Ya2doh0YahPh9AeQua&start_date=2005-01-01&end_date=2016-06-30&properties=value_for_money,$.data[?(@.sentiment=='positive')].percentage,[71.8087995654536]
https://agora.olery.com/v2/companies/239/sentiment?auth_token=ahneesh5Too6Ya2doh0YahPh9AeQua&start_date=2005-01-01&end_date=2016-06-30&properties=value_for_money,$.data[?(@.sentiment=='positive')].percentage,[64.5987478656801]
https://agora.olery.com/v2/companies/4222/sentiment?auth_token=ahneesh5Too6Ya2doh0YahPh9AeQua&start_date=2005-01-01&end_date=2016-06-30&properties=value_for_money,$.data[?(@.sentiment=='positive')].percentage,[77.4445357436319]
https://agora.olery.com/v2/companies/238/sentiment?auth_token=ahneesh5Too6Ya2doh0YahPh9AeQua&start_date=2005-01-01&end_date=2016-06-30&properties=value_for_money,$.data[?(@.sentiment=='positive')].percentage,[73.5519387266635]
https://agora.olery.com/v2/companies/95/sentiment?auth_token=ahneesh5Too6Ya2doh0YahPh9AeQua&start_date=2005-01-01&end_date=2016-06-30&properties=value_for_money,$.data[?(@.sentiment=='positive')].percentage,[72.2458446076537]
https://agora.olery.com/v2/companies/220/sentiment?auth_token=ahneesh5Too6Ya2doh0YahPh9AeQua&start_date=2005-01-01&end_date=2016-06-30&properties=value_for_money,$.data[?(@.sentiment=='positive')].percentage,[73.4605087014726]
https://agora.olery.com/v2/companies/161/sentiment?auth_token=ahneesh5Too6Ya2doh0YahPh9AeQua&start_date=2005-01-01&end_date=2016-06-30&properties=value_for_money,$.data[?(@.sentiment=='positive')].percentage,[63.4989200863931]
https://agora.olery.com/v2/companies/169415/sentiment?auth_token=ahneesh5Too6Ya2doh0YahPh9AeQua&start_date=2005-01-01&end_date=2016-06-30&properties=value_for_money,$.data[?(@.sentiment=='positive')].percentage,[53.4683855125844]
https://agora.olery.com/v2/companies/582561/sentiment?auth_token=ahneesh5Too6Ya2doh0YahPh9AeQua&start_date=2005-01-01&end_date=2016-06-30&properties=value_for_money,$.data[?(@.sentiment=='positive')].percentage,[72.4209795067732]
https://agora.olery.com/v2/companies/582576/sentiment?auth_token=ahneesh5Too6Ya2doh0YahPh9AeQua&start_date=2005-01-01&end_date=2016-06-30&properties=value_for_money,$.data[?(@.sentiment=='positive')].percentage,[74.2372881355932]
https://agora.olery.com/v2/companies/168601/sentiment?auth_token=ahneesh5Too6Ya2doh0YahPh9AeQua&start_date=2005-01-01&end_date=2016-06-30&properties=value_for_money,$.data[?(@.sentiment=='positive')].percentage,[59.3227424749164]
https://agora.olery.com/v2/companies/80/sentiment?auth_token=ahneesh5Too6Ya2doh0YahPh9AeQua&start_date=2005-01-01&end_date=2016-06-30&properties=value_for_money,$.data[?(@.sentiment=='positive')].percentage,[67.9847286610308]
https://agora.olery.com/v2/companies/582596/sentiment?auth_token=ahneesh5Too6Ya2doh0YahPh9AeQua&start_date=2005-01-01&end_date=2016-06-30&properties=value_for_money,$.data[?(@.sentiment=='positive')].percentage,[53.3333333333333]
https://agora.olery.com/v2/companies/30/sentiment?auth_token=ahneesh5Too6Ya2doh0YahPh9AeQua&start_date=2005-01-01&end_date=2016-06-30&properties=value_for_money,$.data[?(@.sentiment=='positive')].percentage,[81.9338422391858]
https://agora.olery.com/v2/companies/64/sentiment?auth_token=ahneesh5Too6Ya2doh0YahPh9AeQua&start_date=2005-01-01&end_date=2016-06-30&properties=value_for_money,$.data[?(@.sentiment=='positive')].percentage,[71.8306878306878]
https://agora.olery.com/v2/companies/582602/sentiment?auth_token=ahneesh5Too6Ya2doh0YahPh9AeQua&start_date=2005-01-01&end_date=2016-06-30&properties=value_for_money,$.data[?(@.sentiment=='positive')].percentage,[52.3263224984066]
https://agora.olery.com/v2/companies/582566/sentiment?auth_token=ahneesh5Too6Ya2doh0YahPh9AeQua&start_date=2005-01-01&end_date=2016-06-30&properties=value_for_money,$.data[?(@.sentiment=='positive')].percentage,[58.6029411764706]
https://agora.olery.com/v2/companies/79/sentiment?auth_token=ahneesh5Too6Ya2doh0YahPh9AeQua&start_date=2005-01-01&end_date=2016-06-30&properties=value_for_money,$.data[?(@.sentiment=='positive')].percentage,[69.0956221198157]
https://agora.olery.com/v2/companies/582569/sentiment?auth_token=ahneesh5Too6Ya2doh0YahPh9AeQua&start_date=2005-01-01&end_date=2016-06-30&properties=value_for_money,$.data[?(@.sentiment=='positive')].percentage,[70.522141440846]
https://agora.olery.com/v2/companies/143/sentiment?auth_token=ahneesh5Too6Ya2doh0YahPh9AeQua&start_date=2005-01-01&end_date=2016-06-30&properties=value_for_money,$.data[?(@.sentiment=='positive')].percentage,[63.3375474083439]
https://agora.olery.com/v2/companies/582554/sentiment?auth_token=ahneesh5Too6Ya2doh0YahPh9AeQua&start_date=2005-01-01&end_date=2016-06-30&properties=value_for_money,$.data[?(@.sentiment=='positive')].percentage,[72.3720930232558]
https://agora.olery.com/v2/companies/577213/sentiment?auth_token=ahneesh5Too6Ya2doh0YahPh9AeQua&start_date=2005-01-01&end_date=2016-06-30&properties=value_for_money,$.data[?(@.sentiment=='positive')].percentage,[66.8727915194346]
https://agora.olery.com/v2/companies/582597/sentiment?auth_token=ahneesh5Too6Ya2doh0YahPh9AeQua&start_date=2005-01-01&end_date=2016-06-30&properties=value_for_money,$.data[?(@.sentiment=='positive')].percentage,[69.004329004329]
https://agora.olery.com/v2/companies/168629/sentiment?auth_token=ahneesh5Too6Ya2doh0YahPh9AeQua&start_date=2005-01-01&end_date=2016-06-30&properties=value_for_money,$.data[?(@.sentiment=='positive')].percentage,[62.4717832957111]
https://agora.olery.com/v2/companies/169510/sentiment?auth_token=ahneesh5Too6Ya2doh0YahPh9AeQua&start_date=2005-01-01&end_date=2016-06-30&properties=value_for_money,$.data[?(@.sentiment=='positive')].percentage,[54.2810098792536]
https://agora.olery.com/v2/companies/135/sentiment?auth_token=ahneesh5Too6Ya2doh0YahPh9AeQua&start_date=2005-01-01&end_date=2016-06-30&properties=value_for_money,$.data[?(@.sentiment=='positive')].percentage,[66.8519805420431]
https://agora.olery.com/v2/companies/170090/sentiment?auth_token=ahneesh5Too6Ya2doh0YahPh9AeQua&start_date=2005-01-01&end_date=2016-06-30&properties=value_for_money,$.data[?(@.sentiment=='positive')].percentage,[46]
https://agora.olery.com/v2/companies/423932/sentiment?auth_token=ahneesh5Too6Ya2doh0YahPh9AeQua&start_date=2005-01-01&end_date=2016-06-30&properties=value_for_money,$.data[?(@.sentiment=='positive')].percentage,[81.4673452078032]
https://agora.olery.com/v2/companies/170137/sentiment?auth_token=ahneesh5Too6Ya2doh0YahPh9AeQua&start_date=2005-01-01&end_date=2016-06-30&properties=value_for_money,$.data[?(@.sentiment=='positive')].percentage,[39.4620253164557]
https://agora.olery.com/v2/companies/169372/sentiment?auth_token=ahneesh5Too6Ya2doh0YahPh9AeQua&start_date=2005-01-01&end_date=2016-06-30&properties=value_for_money,$.data[?(@.sentiment=='positive')].percentage,[54.2465753424658]
https://agora.olery.com/v2/companies/568647/sentiment?auth_token=ahneesh5Too6Ya2doh0YahPh9AeQua&start_date=2005-01-01&end_date=2016-06-30&properties=value_for_money,$.data[?(@.sentiment=='positive')].percentage,[82.4845147969718]
https://agora.olery.com/v2/companies/4672/sentiment?auth_token=ahneesh5Too6Ya2doh0YahPh9AeQua&start_date=2005-01-01&end_date=2016-06-30&properties=value_for_money,$.data[?(@.sentiment=='positive')].percentage,[67.5572519083969]
https://agora.olery.com/v2/companies/565515/sentiment?auth_token=ahneesh5Too6Ya2doh0YahPh9AeQua&start_date=2005-01-01&end_date=2016-06-30&properties=value_for_money,$.data[?(@.sentiment=='positive')].percentage,[77.434554973822]
https://agora.olery.com/v2/companies/568760/sentiment?auth_token=ahneesh5Too6Ya2doh0YahPh9AeQua&start_date=2005-01-01&end_date=2016-06-30&properties=value_for_money,$.data[?(@.sentiment=='positive')].percentage,[84.189497716895]
https://agora.olery.com/v2/companies/104/sentiment?auth_token=ahneesh5Too6Ya2doh0YahPh9AeQua&start_date=2005-01-01&end_date=2016-06-30&properties=value_for_money,$.data[?(@.sentiment=='positive')].percentage,[65.8006814310051]
https://agora.olery.com/v2/companies/169653/sentiment?auth_token=ahneesh5Too6Ya2doh0YahPh9AeQua&start_date=2005-01-01&end_date=2016-06-30&properties=value_for_money,$.data[?(@.sentiment=='positive')].percentage,[38.4180790960452]
https://agora.olery.com/v2/companies/577199/sentiment?auth_token=ahneesh5Too6Ya2doh0YahPh9AeQua&start_date=2005-01-01&end_date=2016-06-30&properties=value_for_money,$.data[?(@.sentiment=='positive')].percentage,[38.8516746411483]
https://agora.olery.com/v2/companies/565416/sentiment?auth_token=ahneesh5Too6Ya2doh0YahPh9AeQua&start_date=2005-01-01&end_date=2016-06-30&properties=value_for_money,$.data[?(@.sentiment=='positive')].percentage,[77.1784232365145]
https://agora.olery.com/v2/companies/5419/sentiment?auth_token=ahneesh5Too6Ya2doh0YahPh9AeQua&start_date=2005-01-01&end_date=2016-06-30&properties=value_for_money,$.data[?(@.sentiment=='positive')].percentage,[51.8746158574063]
https://agora.olery.com/v2/companies/3870/sentiment?auth_token=ahneesh5Too6Ya2doh0YahPh9AeQua&start_date=2005-01-01&end_date=2016-06-30&properties=value_for_money,$.data[?(@.sentiment=='positive')].percentage,[71.268758526603]
https://agora.olery.com/v2/companies/258/sentiment?auth_token=ahneesh5Too6Ya2doh0YahPh9AeQua&start_date=2005-01-01&end_date=2016-06-30&properties=value_for_money,$.data[?(@.sentiment=='positive')].percentage,[77.1849771849772]
https://agora.olery.com/v2/companies/167982/sentiment?auth_token=ahneesh5Too6Ya2doh0YahPh9AeQua&start_date=2005-01-01&end_date=2016-06-30&properties=value_for_money,$.data[?(@.sentiment=='positive')].percentage,[67.7816492450639]
https://agora.olery.com/v2/companies/169636/sentiment?auth_token=ahneesh5Too6Ya2doh0YahPh9AeQua&start_date=2005-01-01&end_date=2016-06-30&properties=value_for_money,$.data[?(@.sentiment=='positive')].percentage,[46.4996788696211]
https://agora.olery.com/v2/companies/582584/sentiment?auth_token=ahneesh5Too6Ya2doh0YahPh9AeQua&start_date=2005-01-01&end_date=2016-06-30&properties=value_for_money,$.data[?(@.sentiment=='positive')].percentage,[65.9090909090909]
https://agora.olery.com/v2/companies/168637/sentiment?auth_token=ahneesh5Too6Ya2doh0YahPh9AeQua&start_date=2005-01-01&end_date=2016-06-30&properties=value_for_money,$.data[?(@.sentiment=='positive')].percentage,[55.823777911889]
https://agora.olery.com/v2/companies/582585/sentiment?auth_token=ahneesh5Too6Ya2doh0YahPh9AeQua&start_date=2005-01-01&end_date=2016-06-30&properties=value_for_money,$.data[?(@.sentiment=='positive')].percentage,[69.9800057126535]
https://agora.olery.com/v2/companies/577097/sentiment?auth_token=ahneesh5Too6Ya2doh0YahPh9AeQua&start_date=2005-01-01&end_date=2016-06-30&properties=value_for_money,$.data[?(@.sentiment=='positive')].percentage,[52.8735632183908]
https://agora.olery.com/v2/companies/3412/sentiment?auth_token=ahneesh5Too6Ya2doh0YahPh9AeQua&start_date=2005-01-01&end_date=2016-06-30&properties=value_for_money,$.data[?(@.sentiment=='positive')].percentage,[67.0272609260061]
https://agora.olery.com/v2/companies/582589/sentiment?auth_token=ahneesh5Too6Ya2doh0YahPh9AeQua&start_date=2005-01-01&end_date=2016-06-30&properties=value_for_money,$.data[?(@.sentiment=='positive')].percentage,[75.3432835820896]
https://agora.olery.com/v2/companies/568759/sentiment?auth_token=ahneesh5Too6Ya2doh0YahPh9AeQua&start_date=2005-01-01&end_date=2016-06-30&properties=value_for_money,$.data[?(@.sentiment=='positive')].percentage,[77.2778402699662]
https://agora.olery.com/v2/companies/169617/sentiment?auth_token=ahneesh5Too6Ya2doh0YahPh9AeQua&start_date=2005-01-01&end_date=2016-06-30&properties=value_for_money,$.data[?(@.sentiment=='positive')].percentage,[46.2231462231462]
https://agora.olery.com/v2/companies/122/sentiment?auth_token=ahneesh5Too6Ya2doh0YahPh9AeQua&start_date=2005-01-01&end_date=2016-06-30&properties=value_for_money,$.data[?(@.sentiment=='positive')].percentage,[55.0130775937228]
https://agora.olery.com/v2/companies/565246/sentiment?auth_token=ahneesh5Too6Ya2doh0YahPh9AeQua&start_date=2005-01-01&end_date=2016-06-30&properties=value_for_money,$.data[?(@.sentiment=='positive')].percentage,[58.6206896551724]
https://agora.olery.com/v2/companies/169257/sentiment?auth_token=ahneesh5Too6Ya2doh0YahPh9AeQua&start_date=2005-01-01&end_date=2016-06-30&properties=value_for_money,$.data[?(@.sentiment=='positive')].percentage,[69.0512048192771]
https://agora.olery.com/v2/companies/347/sentiment?auth_token=ahneesh5Too6Ya2doh0YahPh9AeQua&start_date=2005-01-01&end_date=2016-06-30&properties=value_for_money,$.data[?(@.sentiment=='positive')].percentage,[73.6111111111111]
https://agora.olery.com/v2/companies/565506/sentiment?auth_token=ahneesh5Too6Ya2doh0YahPh9AeQua&start_date=2005-01-01&end_date=2016-06-30&properties=value_for_money,$.data[?(@.sentiment=='positive')].percentage,[59.2302209550962]
https://agora.olery.com/v2/companies/565248/sentiment?auth_token=ahneesh5Too6Ya2doh0YahPh9AeQua&start_date=2005-01-01&end_date=2016-06-30&properties=value_for_money,$.data[?(@.sentiment=='positive')].percentage,[65.2730375426621]
https://agora.olery.com/v2/companies/168682/sentiment?auth_token=ahneesh5Too6Ya2doh0YahPh9AeQua&start_date=2005-01-01&end_date=2016-06-30&properties=value_for_money,$.data[?(@.sentiment=='positive')].percentage,[57.2342126298961]
https://agora.olery.com/v2/companies/350/sentiment?auth_token=ahneesh5Too6Ya2doh0YahPh9AeQua&start_date=2005-01-01&end_date=2016-06-30&properties=value_for_money,$.data[?(@.sentiment=='positive')].percentage,[72.9113426380971]
https://agora.olery.com/v2/companies/92/sentiment?auth_token=ahneesh5Too6Ya2doh0YahPh9AeQua&start_date=2005-01-01&end_date=2016-06-30&properties=value_for_money,$.data[?(@.sentiment=='positive')].percentage,[71.10958433528]
https://agora.olery.com/v2/companies/582556/sentiment?auth_token=ahneesh5Too6Ya2doh0YahPh9AeQua&start_date=2005-01-01&end_date=2016-06-30&properties=value_for_money,$.data[?(@.sentiment=='positive')].percentage,[67.0608108108108]
https://agora.olery.com/v2/companies/1614/sentiment?auth_token=ahneesh5Too6Ya2doh0YahPh9AeQua&start_date=2005-01-01&end_date=2016-06-30&properties=value_for_money,$.data[?(@.sentiment=='positive')].percentage,[70.281543274244]
https://agora.olery.com/v2/companies/126/sentiment?auth_token=ahneesh5Too6Ya2doh0YahPh9AeQua&start_date=2005-01-01&end_date=2016-06-30&properties=value_for_money,$.data[?(@.sentiment=='positive')].percentage,[64.2699926632428]
https://agora.olery.com/v2/companies/169433/sentiment?auth_token=ahneesh5Too6Ya2doh0YahPh9AeQua&start_date=2005-01-01&end_date=2016-06-30&properties=value_for_money,$.data[?(@.sentiment=='positive')].percentage,[72.0961281708945]
https://agora.olery.com/v2/companies/168351/sentiment?auth_token=ahneesh5Too6Ya2doh0YahPh9AeQua&start_date=2005-01-01&end_date=2016-06-30&properties=value_for_money,$.data[?(@.sentiment=='positive')].percentage,[75.2527294783664]
https://agora.olery.com/v2/companies/582586/sentiment?auth_token=ahneesh5Too6Ya2doh0YahPh9AeQua&start_date=2005-01-01&end_date=2016-06-30&properties=value_for_money,$.data[?(@.sentiment=='positive')].percentage,[55.6]
https://agora.olery.com/v2/companies/582620/sentiment?auth_token=ahneesh5Too6Ya2doh0YahPh9AeQua&start_date=2005-01-01&end_date=2016-06-30&properties=value_for_money,$.data[?(@.sentiment=='positive')].percentage,[61.1071682044003]
https://agora.olery.com/v2/companies/74/sentiment?auth_token=ahneesh5Too6Ya2doh0YahPh9AeQua&start_date=2005-01-01&end_date=2016-06-30&properties=value_for_money,$.data[?(@.sentiment=='positive')].percentage,[63.682148852826]
https://agora.olery.com/v2/companies/260/sentiment?auth_token=ahneesh5Too6Ya2doh0YahPh9AeQua&start_date=2005-01-01&end_date=2016-06-30&properties=value_for_money,$.data[?(@.sentiment=='positive')].percentage,[61.7647058823529]
https://agora.olery.com/v2/companies/168598/sentiment?auth_token=ahneesh5Too6Ya2doh0YahPh9AeQua&start_date=2005-01-01&end_date=2016-06-30&properties=value_for_money,$.data[?(@.sentiment=='positive')].percentage,[65.4114365411437]
https://agora.olery.com/v2/companies/168243/sentiment?auth_token=ahneesh5Too6Ya2doh0YahPh9AeQua&start_date=2005-01-01&end_date=2016-06-30&properties=value_for_money,$.data[?(@.sentiment=='positive')].percentage,[81.1949444657219]
https://agora.olery.com/v2/companies/168618/sentiment?auth_token=ahneesh5Too6Ya2doh0YahPh9AeQua&start_date=2005-01-01&end_date=2016-06-30&properties=value_for_money,$.data[?(@.sentiment=='positive')].percentage,[70.8333333333333]
https://agora.olery.com/v2/companies/154/sentiment?auth_token=ahneesh5Too6Ya2doh0YahPh9AeQua&start_date=2005-01-01&end_date=2016-06-30&properties=value_for_money,$.data[?(@.sentiment=='positive')].percentage,[65.8021133525456]
https://agora.olery.com/v2/companies/169384/sentiment?auth_token=ahneesh5Too6Ya2doh0YahPh9AeQua&start_date=2005-01-01&end_date=2016-06-30&properties=value_for_money,$.data[?(@.sentiment=='positive')].percentage,[69.4367497691597]
https://agora.olery.com/v2/companies/2484/sentiment?auth_token=ahneesh5Too6Ya2doh0YahPh9AeQua&start_date=2005-01-01&end_date=2016-06-30&properties=value_for_money,$.data[?(@.sentiment=='positive')].percentage,[53.3101045296167]
https://agora.olery.com/v2/companies/170022/sentiment?auth_token=ahneesh5Too6Ya2doh0YahPh9AeQua&start_date=2005-01-01&end_date=2016-06-30&properties=value_for_money,$.data[?(@.sentiment=='positive')].percentage,[52.4861878453039]
https://agora.olery.com/v2/companies/582595/sentiment?auth_token=ahneesh5Too6Ya2doh0YahPh9AeQua&start_date=2005-01-01&end_date=2016-06-30&properties=value_for_money,$.data[?(@.sentiment=='positive')].percentage,[66.7407736771899]
https://agora.olery.com/v2/companies/75/sentiment?auth_token=ahneesh5Too6Ya2doh0YahPh9AeQua&start_date=2005-01-01&end_date=2016-06-30&properties=value_for_money,$.data[?(@.sentiment=='positive')].percentage,[58.6206896551724]
https://agora.olery.com/v2/companies/577290/sentiment?auth_token=ahneesh5Too6Ya2doh0YahPh9AeQua&start_date=2005-01-01&end_date=2016-06-30&properties=value_for_money,$.data[?(@.sentiment=='positive')].percentage,[71.0008554319932]
https://agora.olery.com/v2/companies/250/sentiment?auth_token=ahneesh5Too6Ya2doh0YahPh9AeQua&start_date=2005-01-01&end_date=2016-06-30&properties=value_for_money,$.data[?(@.sentiment=='positive')].percentage,[74.2734635540734]
https://agora.olery.com/v2/companies/582594/sentiment?auth_token=ahneesh5Too6Ya2doh0YahPh9AeQua&start_date=2005-01-01&end_date=2016-06-30&properties=value_for_money,$.data[?(@.sentiment=='positive')].percentage,[73.0639730639731]
https://agora.olery.com/v2/companies/168426/sentiment?auth_token=ahneesh5Too6Ya2doh0YahPh9AeQua&start_date=2005-01-01&end_date=2016-06-30&properties=value_for_money,$.data[?(@.sentiment=='positive')].percentage,[66.864224137931]
https://agora.olery.com/v2/companies/218/sentiment?auth_token=ahneesh5Too6Ya2doh0YahPh9AeQua&start_date=2005-01-01&end_date=2016-06-30&properties=value_for_money,$.data[?(@.sentiment=='positive')].percentage,[75.990099009901]
https://agora.olery.com/v2/companies/1610/sentiment?auth_token=ahneesh5Too6Ya2doh0YahPh9AeQua&start_date=2005-01-01&end_date=2016-06-30&properties=value_for_money,$.data[?(@.sentiment=='positive')].percentage,[67.817896389325]
https://agora.olery.com/v2/companies/169734/sentiment?auth_token=ahneesh5Too6Ya2doh0YahPh9AeQua&start_date=2005-01-01&end_date=2016-06-30&properties=value_for_money,$.data[?(@.sentiment=='positive')].percentage,[48.825831702544]
https://agora.olery.com/v2/companies/168658/sentiment?auth_token=ahneesh5Too6Ya2doh0YahPh9AeQua&start_date=2005-01-01&end_date=2016-06-30&properties=value_for_money,$.data[?(@.sentiment=='positive')].percentage,[63.2282712511939]
https://agora.olery.com/v2/companies/169165/sentiment?auth_token=ahneesh5Too6Ya2doh0YahPh9AeQua&start_date=2005-01-01&end_date=2016-06-30&properties=value_for_money,$.data[?(@.sentiment=='positive')].percentage,[73.0448383733055]
https://agora.olery.com/v2/companies/582581/sentiment?auth_token=ahneesh5Too6Ya2doh0YahPh9AeQua&start_date=2005-01-01&end_date=2016-06-30&properties=value_for_money,$.data[?(@.sentiment=='positive')].percentage,[46.0966542750929]
https://agora.olery.com/v2/companies/134/sentiment?auth_token=ahneesh5Too6Ya2doh0YahPh9AeQua&start_date=2005-01-01&end_date=2016-06-30&properties=value_for_money,$.data[?(@.sentiment=='positive')].percentage,[64.2174131857071]
https://agora.olery.com/v2/companies/169082/sentiment?auth_token=ahneesh5Too6Ya2doh0YahPh9AeQua&start_date=2005-01-01&end_date=2016-06-30&properties=value_for_money,$.data[?(@.sentiment=='positive')].percentage,[63.4811046511628]
https://agora.olery.com/v2/companies/2266/sentiment?auth_token=ahneesh5Too6Ya2doh0YahPh9AeQua&start_date=2005-01-01&end_date=2016-06-30&properties=value_for_money,$.data[?(@.sentiment=='positive')].percentage,[59.4594594594595]
https://agora.olery.com/v2/companies/582590/sentiment?auth_token=ahneesh5Too6Ya2doh0YahPh9AeQua&start_date=2005-01-01&end_date=2016-06-30&properties=value_for_money,$.data[?(@.sentiment=='positive')].percentage,[60.4938271604938]
https://agora.olery.com/v2/companies/2002/sentiment?auth_token=ahneesh5Too6Ya2doh0YahPh9AeQua&start_date=2005-01-01&end_date=2016-06-30&properties=value_for_money,$.data[?(@.sentiment=='positive')].percentage,[54.2925278219396]
https://agora.olery.com/v2/companies/4224/sentiment?auth_token=ahneesh5Too6Ya2doh0YahPh9AeQua&start_date=2005-01-01&end_date=2016-06-30&properties=value_for_money,$.data[?(@.sentiment=='positive')].percentage,[67.007874015748]
https://agora.olery.com/v2/companies/1710/sentiment?auth_token=ahneesh5Too6Ya2doh0YahPh9AeQua&start_date=2005-01-01&end_date=2016-06-30&properties=value_for_money,$.data[?(@.sentiment=='positive')].percentage,[72.4002616088947]
https://agora.olery.com/v2/companies/169941/sentiment?auth_token=ahneesh5Too6Ya2doh0YahPh9AeQua&start_date=2005-01-01&end_date=2016-06-30&properties=value_for_money,$.data[?(@.sentiment=='positive')].percentage,[50.3184713375796]
https://agora.olery.com/v2/companies/677075/sentiment?auth_token=ahneesh5Too6Ya2doh0YahPh9AeQua&start_date=2005-01-01&end_date=2016-06-30&properties=value_for_money,$.data[?(@.sentiment=='positive')].percentage,[75.609756097561]
https://agora.olery.com/v2/companies/2188/sentiment?auth_token=ahneesh5Too6Ya2doh0YahPh9AeQua&start_date=2005-01-01&end_date=2016-06-30&properties=value_for_money,$.data[?(@.sentiment=='positive')].percentage,[58.3628492719402]
https://agora.olery.com/v2/companies/1608/sentiment?auth_token=ahneesh5Too6Ya2doh0YahPh9AeQua&start_date=2005-01-01&end_date=2016-06-30&properties=value_for_money,$.data[?(@.sentiment=='positive')].percentage,[74.302496328928]
https://agora.olery.com/v2/companies/168621/sentiment?auth_token=ahneesh5Too6Ya2doh0YahPh9AeQua&start_date=2005-01-01&end_date=2016-06-30&properties=value_for_money,$.data[?(@.sentiment=='positive')].percentage,[71.1646586345382]
https://agora.olery.com/v2/companies/565318/sentiment?auth_token=ahneesh5Too6Ya2doh0YahPh9AeQua&start_date=2005-01-01&end_date=2016-06-30&properties=value_for_money,$.data[?(@.sentiment=='positive')].percentage,[45.7868649318463]
https://agora.olery.com/v2/companies/2190/sentiment?auth_token=ahneesh5Too6Ya2doh0YahPh9AeQua&start_date=2005-01-01&end_date=2016-06-30&properties=value_for_money,$.data[?(@.sentiment=='positive')].percentage,[51.8072289156626]
https://agora.olery.com/v2/companies/582592/sentiment?auth_token=ahneesh5Too6Ya2doh0YahPh9AeQua&start_date=2005-01-01&end_date=2016-06-30&properties=value_for_money,$.data[?(@.sentiment=='positive')].percentage,[68.8827331486611]
https://agora.olery.com/v2/companies/565570/sentiment?auth_token=ahneesh5Too6Ya2doh0YahPh9AeQua&start_date=2005-01-01&end_date=2016-06-30&properties=value_for_money,$.data[?(@.sentiment=='positive')].percentage,[29.9276672694394]
https://agora.olery.com/v2/companies/582567/sentiment?auth_token=ahneesh5Too6Ya2doh0YahPh9AeQua&start_date=2005-01-01&end_date=2016-06-30&properties=value_for_money,$.data[?(@.sentiment=='positive')].percentage,[48.0626545754328]
https://agora.olery.com/v2/companies/577345/sentiment?auth_token=ahneesh5Too6Ya2doh0YahPh9AeQua&start_date=2005-01-01&end_date=2016-06-30&properties=value_for_money,$.data[?(@.sentiment=='positive')].percentage,[51.1111111111111]
https://agora.olery.com/v2/companies/168476/sentiment?auth_token=ahneesh5Too6Ya2doh0YahPh9AeQua&start_date=2005-01-01&end_date=2016-06-30&properties=value_for_money,$.data[?(@.sentiment=='positive')].percentage,[71.2580348943985]
https://agora.olery.com/v2/companies/582603/sentiment?auth_token=ahneesh5Too6Ya2doh0YahPh9AeQua&start_date=2005-01-01&end_date=2016-06-30&properties=value_for_money,$.data[?(@.sentiment=='positive')].percentage,[62.2169249106079]
https://agora.olery.com/v2/companies/169493/sentiment?auth_token=ahneesh5Too6Ya2doh0YahPh9AeQua&start_date=2005-01-01&end_date=2016-06-30&properties=value_for_money,$.data[?(@.sentiment=='positive')].percentage,[54.8513302034429]
https://agora.olery.com/v2/companies/129/sentiment?auth_token=ahneesh5Too6Ya2doh0YahPh9AeQua&start_date=2005-01-01&end_date=2016-06-30&properties=value_for_money,$.data[?(@.sentiment=='positive')].percentage,[76.1832061068702]
https://agora.olery.com/v2/companies/1612/sentiment?auth_token=ahneesh5Too6Ya2doh0YahPh9AeQua&start_date=2005-01-01&end_date=2016-06-30&properties=value_for_money,$.data[?(@.sentiment=='positive')].percentage,[66.1398176291793]
https://agora.olery.com/v2/companies/168684/sentiment?auth_token=ahneesh5Too6Ya2doh0YahPh9AeQua&start_date=2005-01-01&end_date=2016-06-30&properties=value_for_money,$.data[?(@.sentiment=='positive')].percentage,[56.5217391304348]
https://agora.olery.com/v2/companies/169908/sentiment?auth_token=ahneesh5Too6Ya2doh0YahPh9AeQua&start_date=2005-01-01&end_date=2016-06-30&properties=value_for_money,$.data[?(@.sentiment=='positive')].percentage,[42.8402366863905]
https://agora.olery.com/v2/companies/659518/sentiment?auth_token=ahneesh5Too6Ya2doh0YahPh9AeQua&start_date=2005-01-01&end_date=2016-06-30&properties=value_for_money,$.data[?(@.sentiment=='positive')].percentage,[77.5903614457831]
https://agora.olery.com/v2/companies/52/sentiment?auth_token=ahneesh5Too6Ya2doh0YahPh9AeQua&start_date=2005-01-01&end_date=2016-06-30&properties=value_for_money,$.data[?(@.sentiment=='positive')].percentage,[64.2201834862385]
https://agora.olery.com/v2/companies/582571/sentiment?auth_token=ahneesh5Too6Ya2doh0YahPh9AeQua&start_date=2005-01-01&end_date=2016-06-30&properties=value_for_money,$.data[?(@.sentiment=='positive')].percentage,[63.96484375]
https://agora.olery.com/v2/companies/565512/sentiment?auth_token=ahneesh5Too6Ya2doh0YahPh9AeQua&start_date=2005-01-01&end_date=2016-06-30&properties=value_for_money,$.data[?(@.sentiment=='positive')].percentage,[38.9333333333333]
https://agora.olery.com/v2/companies/169688/sentiment?auth_token=ahneesh5Too6Ya2doh0YahPh9AeQua&start_date=2005-01-01&end_date=2016-06-30&properties=value_for_money,$.data[?(@.sentiment=='positive')].percentage,[69.3589743589744]
https://agora.olery.com/v2/companies/582582/sentiment?auth_token=ahneesh5Too6Ya2doh0YahPh9AeQua&start_date=2005-01-01&end_date=2016-06-30&properties=value_for_money,$.data[?(@.sentiment=='positive')].percentage,[49.2597577388964]
https://agora.olery.com/v2/companies/169547/sentiment?auth_token=ahneesh5Too6Ya2doh0YahPh9AeQua&start_date=2005-01-01&end_date=2016-06-30&properties=value_for_money,$.data[?(@.sentiment=='positive')].percentage,[59.5083152566884]
https://agora.olery.com/v2/companies/582572/sentiment?auth_token=ahneesh5Too6Ya2doh0YahPh9AeQua&start_date=2005-01-01&end_date=2016-06-30&properties=value_for_money,$.data[?(@.sentiment=='positive')].percentage,[81.2658227848101]
https://agora.olery.com/v2/companies/124/sentiment?auth_token=ahneesh5Too6Ya2doh0YahPh9AeQua&start_date=2005-01-01&end_date=2016-06-30&properties=value_for_money,$.data[?(@.sentiment=='positive')].percentage,[75.3763440860215]
https://agora.olery.com/v2/companies/565355/sentiment?auth_token=ahneesh5Too6Ya2doh0YahPh9AeQua&start_date=2005-01-01&end_date=2016-06-30&properties=value_for_money,$.data[?(@.sentiment=='positive')].percentage,[43.3566433566434]
https://agora.olery.com/v2/companies/170203/sentiment?auth_token=ahneesh5Too6Ya2doh0YahPh9AeQua&start_date=2005-01-01&end_date=2016-06-30&properties=value_for_money,$.data[?(@.sentiment=='positive')].percentage,[37.8600823045267]
https://agora.olery.com/v2/companies/168362/sentiment?auth_token=ahneesh5Too6Ya2doh0YahPh9AeQua&start_date=2005-01-01&end_date=2016-06-30&properties=value_for_money,$.data[?(@.sentiment=='positive')].percentage,[73.688155922039]
https://agora.olery.com/v2/companies/2354/sentiment?auth_token=ahneesh5Too6Ya2doh0YahPh9AeQua&start_date=2005-01-01&end_date=2016-06-30&properties=value_for_money,$.data[?(@.sentiment=='positive')].percentage,[61.8841832324978]
https://agora.olery.com/v2/companies/169949/sentiment?auth_token=ahneesh5Too6Ya2doh0YahPh9AeQua&start_date=2005-01-01&end_date=2016-06-30&properties=value_for_money,$.data[?(@.sentiment=='positive')].percentage,[45.5192034139403]
https://agora.olery.com/v2/companies/582578/sentiment?auth_token=ahneesh5Too6Ya2doh0YahPh9AeQua&start_date=2005-01-01&end_date=2016-06-30&properties=value_for_money,$.data[?(@.sentiment=='positive')].percentage,[55.6171983356449]
https://agora.olery.com/v2/companies/582587/sentiment?auth_token=ahneesh5Too6Ya2doh0YahPh9AeQua&start_date=2005-01-01&end_date=2016-06-30&properties=value_for_money,$.data[?(@.sentiment=='positive')].percentage,[58.3617747440273]
https://agora.olery.com/v2/companies/582598/sentiment?auth_token=ahneesh5Too6Ya2doh0YahPh9AeQua&start_date=2005-01-01&end_date=2016-06-30&properties=value_for_money,$.data[?(@.sentiment=='positive')].percentage,[64.7819063004846]
https://agora.olery.com/v2/companies/5279/sentiment?auth_token=ahneesh5Too6Ya2doh0YahPh9AeQua&start_date=2005-01-01&end_date=2016-06-30&properties=value_for_money,$.data[?(@.sentiment=='positive')].percentage,[61.810551558753]
https://agora.olery.com/v2/companies/168570/sentiment?auth_token=ahneesh5Too6Ya2doh0YahPh9AeQua&start_date=2005-01-01&end_date=2016-06-30&properties=value_for_money,$.data[?(@.sentiment=='positive')].percentage,[59.0497737556561]
https://agora.olery.com/v2/companies/169995/sentiment?auth_token=ahneesh5Too6Ya2doh0YahPh9AeQua&start_date=2005-01-01&end_date=2016-06-30&properties=value_for_money,$.data[?(@.sentiment=='positive')].percentage,[50.8695652173913]
https://agora.olery.com/v2/companies/565316/sentiment?auth_token=ahneesh5Too6Ya2doh0YahPh9AeQua&start_date=2005-01-01&end_date=2016-06-30&properties=value_for_money,$.data[?(@.sentiment=='positive')].percentage,[70.4015544041451]
https://agora.olery.com/v2/companies/577095/sentiment?auth_token=ahneesh5Too6Ya2doh0YahPh9AeQua&start_date=2005-01-01&end_date=2016-06-30&properties=value_for_money,$.data[?(@.sentiment=='positive')].percentage,[71.2909441233141]
https://agora.olery.com/v2/companies/169574/sentiment?auth_token=ahneesh5Too6Ya2doh0YahPh9AeQua&start_date=2005-01-01&end_date=2016-06-30&properties=value_for_money,$.data[?(@.sentiment=='positive')].percentage,[52.6162790697674]
https://agora.olery.com/v2/companies/577215/sentiment?auth_token=ahneesh5Too6Ya2doh0YahPh9AeQua&start_date=2005-01-01&end_date=2016-06-30&properties=value_for_money,$.data[?(@.sentiment=='positive')].percentage,[84.1818181818182]
https://agora.olery.com/v2/companies/565327/sentiment?auth_token=ahneesh5Too6Ya2doh0YahPh9AeQua&start_date=2005-01-01&end_date=2016-06-30&properties=value_for_money,$.data[?(@.sentiment=='positive')].percentage,[82.0728291316527]
https://agora.olery.com/v2/companies/677067/sentiment?auth_token=ahneesh5Too6Ya2doh0YahPh9AeQua&start_date=2005-01-01&end_date=2016-06-30&properties=value_for_money,$.data[?(@.sentiment=='positive')].percentage,[74.7983870967742]
https://agora.olery.com/v2/companies/458/sentiment?auth_token=ahneesh5Too6Ya2doh0YahPh9AeQua&start_date=2005-01-01&end_date=2016-06-30&properties=value_for_money,$.data[?(@.sentiment=='positive')].percentage,[67.218045112782]
https://agora.olery.com/v2/companies/259/sentiment?auth_token=ahneesh5Too6Ya2doh0YahPh9AeQua&start_date=2005-01-01&end_date=2016-06-30&properties=value_for_money,$.data[?(@.sentiment=='positive')].percentage,[82.1616599566429]
https://agora.olery.com/v2/companies/582601/sentiment?auth_token=ahneesh5Too6Ya2doh0YahPh9AeQua&start_date=2005-01-01&end_date=2016-06-30&properties=value_for_money,$.data[?(@.sentiment=='positive')].percentage,[67.9543459174715]
https://agora.olery.com/v2/companies/5273/sentiment?auth_token=ahneesh5Too6Ya2doh0YahPh9AeQua&start_date=2005-01-01&end_date=2016-06-30&properties=value_for_money,$.data[?(@.sentiment=='positive')].percentage,[75.2205292702486]
https://agora.olery.com/v2/companies/170125/sentiment?auth_token=ahneesh5Too6Ya2doh0YahPh9AeQua&start_date=2005-01-01&end_date=2016-06-30&properties=value_for_money,$.data[?(@.sentiment=='positive')].percentage,[52.0984081041968]
https://agora.olery.com/v2/companies/582593/sentiment?auth_token=ahneesh5Too6Ya2doh0YahPh9AeQua&start_date=2005-01-01&end_date=2016-06-30&properties=value_for_money,$.data[?(@.sentiment=='positive')].percentage,[43.9273552780931]
https://agora.olery.com/v2/companies/565616/sentiment?auth_token=ahneesh5Too6Ya2doh0YahPh9AeQua&start_date=2005-01-01&end_date=2016-06-30&properties=value_for_money,$.data[?(@.sentiment=='positive')].percentage,[67.5977653631285]
https://agora.olery.com/v2/companies/582599/sentiment?auth_token=ahneesh5Too6Ya2doh0YahPh9AeQua&start_date=2005-01-01&end_date=2016-06-30&properties=value_for_money,$.data[?(@.sentiment=='positive')].percentage,[61.1745513866232]
https://agora.olery.com/v2/companies/577102/sentiment?auth_token=ahneesh5Too6Ya2doh0YahPh9AeQua&start_date=2005-01-01&end_date=2016-06-30&properties=value_for_money,$.data[?(@.sentiment=='positive')].percentage,[28.7390029325513]
https://agora.olery.com/v2/companies/170117/sentiment?auth_token=ahneesh5Too6Ya2doh0YahPh9AeQua&start_date=2005-01-01&end_date=2016-06-30&properties=value_for_money,$.data[?(@.sentiment=='positive')].percentage,[38.9408099688474]
https://agora.olery.com/v2/companies/336/sentiment?auth_token=ahneesh5Too6Ya2doh0YahPh9AeQua&start_date=2005-01-01&end_date=2016-06-30&properties=value_for_money,$.data[?(@.sentiment=='positive')].percentage,[79.8895027624309]
https://agora.olery.com/v2/companies/565474/sentiment?auth_token=ahneesh5Too6Ya2doh0YahPh9AeQua&start_date=2005-01-01&end_date=2016-06-30&properties=value_for_money,$.data[?(@.sentiment=='positive')].percentage,[84.6953937592868]
https://agora.olery.com/v2/companies/565387/sentiment?auth_token=ahneesh5Too6Ya2doh0YahPh9AeQua&start_date=2005-01-01&end_date=2016-06-30&properties=value_for_money,$.data[?(@.sentiment=='positive')].percentage,[55.3911205073996]
https://agora.olery.com/v2/companies/242/sentiment?auth_token=ahneesh5Too6Ya2doh0YahPh9AeQua&start_date=2005-01-01&end_date=2016-06-30&properties=value_for_money,$.data[?(@.sentiment=='positive')].percentage,[88.2842025699169]
https://agora.olery.com/v2/companies/168608/sentiment?auth_token=ahneesh5Too6Ya2doh0YahPh9AeQua&start_date=2005-01-01&end_date=2016-06-30&properties=value_for_money,$.data[?(@.sentiment=='positive')].percentage,[60.6864274570983]
https://agora.olery.com/v2/companies/150/sentiment?auth_token=ahneesh5Too6Ya2doh0YahPh9AeQua&start_date=2005-01-01&end_date=2016-06-30&properties=value_for_money,$.data[?(@.sentiment=='positive')].percentage,[58.8191881918819]
https://agora.olery.com/v2/companies/169969/sentiment?auth_token=ahneesh5Too6Ya2doh0YahPh9AeQua&start_date=2005-01-01&end_date=2016-06-30&properties=value_for_money,$.data[?(@.sentiment=='positive')].percentage,[34.7286821705426]
https://agora.olery.com/v2/companies/582568/sentiment?auth_token=ahneesh5Too6Ya2doh0YahPh9AeQua&start_date=2005-01-01&end_date=2016-06-30&properties=value_for_money,$.data[?(@.sentiment=='positive')].percentage,[44.3820224719101]
https://agora.olery.com/v2/companies/170098/sentiment?auth_token=ahneesh5Too6Ya2doh0YahPh9AeQua&start_date=2005-01-01&end_date=2016-06-30&properties=value_for_money,$.data[?(@.sentiment=='positive')].percentage,[28.2208588957055]
